-- MySQL dump 10.13  Distrib 5.7.33, for Linux (x86_64)
--
-- Host: localhost    Database: vocondo
-- ------------------------------------------------------
-- Server version	5.7.33

/*!40101 SET @OLD_CHARACTER_SET_CLIENT=@@CHARACTER_SET_CLIENT */;
/*!40101 SET @OLD_CHARACTER_SET_RESULTS=@@CHARACTER_SET_RESULTS */;
/*!40101 SET @OLD_COLLATION_CONNECTION=@@COLLATION_CONNECTION */;
/*!40101 SET NAMES utf8 */;
/*!40103 SET @OLD_TIME_ZONE=@@TIME_ZONE */;
/*!40103 SET TIME_ZONE='+00:00' */;
/*!40014 SET @OLD_UNIQUE_CHECKS=@@UNIQUE_CHECKS, UNIQUE_CHECKS=0 */;
/*!40014 SET @OLD_FOREIGN_KEY_CHECKS=@@FOREIGN_KEY_CHECKS, FOREIGN_KEY_CHECKS=0 */;
/*!40101 SET @OLD_SQL_MODE=@@SQL_MODE, SQL_MODE='NO_AUTO_VALUE_ON_ZERO' */;
/*!40111 SET @OLD_SQL_NOTES=@@SQL_NOTES, SQL_NOTES=0 */;

--
-- Table structure for table `booking_room`
--

DROP TABLE IF EXISTS `booking_room`;
/*!40101 SET @saved_cs_client     = @@character_set_client */;
/*!40101 SET character_set_client = utf8 */;
CREATE TABLE `booking_room` (
  `id` bigint(20) unsigned NOT NULL AUTO_INCREMENT,
  `booking_id` bigint(20) unsigned NOT NULL,
  `room_id` int(10) unsigned NOT NULL,
  `check_in` datetime NOT NULL,
  `check_out` datetime NOT NULL,
  `created_at` timestamp NULL DEFAULT NULL,
  `updated_at` timestamp NULL DEFAULT NULL,
  PRIMARY KEY (`id`),
  KEY `booking_room_booking_id_index` (`booking_id`),
  KEY `booking_room_room_id_index` (`room_id`),
  CONSTRAINT `booking_room_booking_id_foreign` FOREIGN KEY (`booking_id`) REFERENCES `bookings` (`id`),
  CONSTRAINT `booking_room_room_id_foreign` FOREIGN KEY (`room_id`) REFERENCES `rooms` (`id`)
) ENGINE=InnoDB AUTO_INCREMENT=181 DEFAULT CHARSET=utf8mb4 COLLATE=utf8mb4_unicode_ci;
/*!40101 SET character_set_client = @saved_cs_client */;

--
-- Dumping data for table `booking_room`
--

LOCK TABLES `booking_room` WRITE;
/*!40000 ALTER TABLE `booking_room` DISABLE KEYS */;
INSERT INTO `booking_room` VALUES (1,1,2,'2021-02-07 17:34:05','2021-02-14 17:34:05',NULL,NULL),(2,2,3,'2021-02-08 17:34:05','2021-02-11 17:34:05',NULL,NULL),(3,3,4,'2021-02-09 17:34:05','2021-02-11 17:34:05',NULL,NULL),(4,4,5,'2021-02-10 17:34:05','2021-02-14 17:34:05',NULL,NULL),(5,5,6,'2021-02-11 17:34:05','2021-02-16 17:34:05',NULL,NULL),(6,6,7,'2021-02-12 17:34:05','2021-02-22 17:34:05',NULL,NULL),(7,7,8,'2021-02-13 17:34:05','2021-02-20 17:34:05',NULL,NULL),(8,8,9,'2021-02-14 17:34:05','2021-02-24 17:34:05',NULL,NULL),(9,9,11,'2021-02-15 17:34:05','2021-02-16 17:34:05',NULL,NULL),(10,10,19,'2021-02-16 17:34:05','2021-02-21 17:34:05',NULL,NULL),(11,11,20,'2021-02-17 17:34:05','2021-02-22 17:34:05',NULL,NULL),(12,12,21,'2021-02-18 17:34:05','2021-02-23 17:34:05',NULL,NULL),(13,13,23,'2021-02-19 17:34:05','2021-02-23 17:34:05',NULL,NULL),(14,14,24,'2021-02-20 17:34:05','2021-02-21 17:34:05',NULL,NULL),(15,15,25,'2021-02-21 17:34:05','2021-03-02 17:34:05',NULL,NULL),(16,16,27,'2021-02-22 17:34:05','2021-02-26 17:34:05',NULL,NULL),(17,17,30,'2021-02-23 17:34:05','2021-02-25 17:34:05',NULL,NULL),(18,18,31,'2021-02-24 17:34:05','2021-03-02 17:34:05',NULL,NULL),(19,19,32,'2021-02-25 17:34:05','2021-03-04 17:34:05',NULL,NULL),(20,20,33,'2021-02-26 17:34:05','2021-03-06 17:34:05',NULL,NULL),(21,21,34,'2021-02-27 17:34:05','2021-03-02 17:34:05',NULL,NULL),(22,22,39,'2021-02-28 17:34:05','2021-03-08 17:34:05',NULL,NULL),(23,23,40,'2021-03-01 17:34:05','2021-03-03 17:34:05',NULL,NULL),(24,24,41,'2021-03-02 17:34:05','2021-03-11 17:34:05',NULL,NULL),(25,25,42,'2021-03-03 17:34:05','2021-03-13 17:34:05',NULL,NULL),(26,26,44,'2021-03-04 17:34:05','2021-03-12 17:34:05',NULL,NULL),(27,27,55,'2021-03-05 17:34:05','2021-03-13 17:34:05',NULL,NULL),(28,28,56,'2021-03-06 17:34:05','2021-03-13 17:34:05',NULL,NULL),(29,29,57,'2021-03-07 17:34:05','2021-03-13 17:34:05',NULL,NULL),(30,30,60,'2021-03-08 17:34:05','2021-03-10 17:34:05',NULL,NULL),(31,31,62,'2021-03-09 17:34:05','2021-03-18 17:34:05',NULL,NULL),(32,32,64,'2021-03-10 17:34:05','2021-03-12 17:34:05',NULL,NULL),(33,33,66,'2021-03-11 17:34:05','2021-03-17 17:34:05',NULL,NULL),(34,34,69,'2021-03-12 17:34:05','2021-03-18 17:34:05',NULL,NULL),(35,35,70,'2021-03-13 17:34:05','2021-03-19 17:34:05',NULL,NULL),(36,36,71,'2021-03-14 17:34:05','2021-03-21 17:34:05',NULL,NULL),(37,37,73,'2021-03-15 17:34:05','2021-03-16 17:34:05',NULL,NULL),(38,38,77,'2021-03-16 17:34:05','2021-03-18 17:34:05',NULL,NULL),(39,39,78,'2021-03-17 17:34:05','2021-03-18 17:34:05',NULL,NULL),(40,40,79,'2021-03-18 17:34:05','2021-03-19 17:34:05',NULL,NULL),(41,41,80,'2021-03-19 17:34:05','2021-03-22 17:34:05',NULL,NULL),(42,42,1,'2021-03-20 17:34:05','2021-03-25 17:34:05',NULL,NULL),(43,43,10,'2021-03-21 17:34:05','2021-03-23 17:34:05',NULL,NULL),(44,44,12,'2021-03-22 17:34:05','2021-03-24 17:34:05',NULL,NULL),(45,45,13,'2021-03-23 17:34:05','2021-03-25 17:34:05',NULL,NULL),(46,46,14,'2021-03-24 17:34:05','2021-03-27 17:34:05',NULL,NULL),(47,47,15,'2021-03-25 17:34:05','2021-03-31 17:34:05',NULL,NULL),(48,48,16,'2021-03-26 17:34:05','2021-03-27 17:34:05',NULL,NULL),(49,49,17,'2021-03-27 17:34:05','2021-04-03 17:34:05',NULL,NULL),(50,50,18,'2021-03-28 17:34:05','2021-04-02 17:34:05',NULL,NULL),(51,51,22,'2021-03-29 17:34:05','2021-04-02 17:34:05',NULL,NULL),(52,52,26,'2021-03-30 17:34:05','2021-04-07 17:34:05',NULL,NULL),(53,53,28,'2021-03-31 17:34:05','2021-04-07 17:34:05',NULL,NULL),(54,54,29,'2021-04-01 17:34:05','2021-04-03 17:34:05',NULL,NULL),(55,55,35,'2021-04-02 17:34:05','2021-04-04 17:34:05',NULL,NULL),(56,56,36,'2021-04-03 17:34:05','2021-04-04 17:34:05',NULL,NULL),(57,57,37,'2021-04-04 17:34:05','2021-04-06 17:34:05',NULL,NULL),(58,58,38,'2021-04-05 17:34:05','2021-04-15 17:34:05',NULL,NULL),(59,59,43,'2021-04-06 17:34:05','2021-04-09 17:34:05',NULL,NULL),(60,60,45,'2021-04-07 17:34:05','2021-04-10 17:34:05',NULL,NULL),(61,61,46,'2021-04-08 17:34:05','2021-04-14 17:34:05',NULL,NULL),(62,62,47,'2021-04-09 17:34:05','2021-04-15 17:34:05',NULL,NULL),(63,63,48,'2021-04-10 17:34:05','2021-04-19 17:34:05',NULL,NULL),(64,64,49,'2021-04-11 17:34:05','2021-04-18 17:34:05',NULL,NULL),(65,65,50,'2021-04-12 17:34:05','2021-04-18 17:34:05',NULL,NULL),(66,66,51,'2021-04-13 17:34:05','2021-04-20 17:34:05',NULL,NULL),(67,67,52,'2021-04-14 17:34:05','2021-04-18 17:34:05',NULL,NULL),(68,68,53,'2021-04-15 17:34:05','2021-04-22 17:34:05',NULL,NULL),(69,69,54,'2021-04-16 17:34:05','2021-04-21 17:34:05',NULL,NULL),(70,70,58,'2021-04-17 17:34:05','2021-04-20 17:34:05',NULL,NULL),(71,71,59,'2021-04-18 17:34:05','2021-04-25 17:34:05',NULL,NULL),(72,72,61,'2021-04-19 17:34:05','2021-04-23 17:34:05',NULL,NULL),(73,73,63,'2021-04-20 17:34:05','2021-04-25 17:34:05',NULL,NULL),(74,74,65,'2021-04-21 17:34:05','2021-04-26 17:34:05',NULL,NULL),(75,75,67,'2021-04-22 17:34:05','2021-05-01 17:34:05',NULL,NULL),(76,76,68,'2021-04-23 17:34:05','2021-04-30 17:34:05',NULL,NULL),(77,77,72,'2021-04-24 17:34:05','2021-04-25 17:34:05',NULL,NULL),(78,78,74,'2021-04-25 17:34:05','2021-05-03 17:34:05',NULL,NULL),(79,79,75,'2021-04-26 17:34:05','2021-04-30 17:34:05',NULL,NULL),(80,80,2,'2021-02-18 17:34:05','2021-02-26 17:34:05',NULL,NULL),(81,81,3,'2021-02-19 17:34:05','2021-02-26 17:34:05',NULL,NULL),(82,82,4,'2021-02-20 17:34:05','2021-02-28 17:34:05',NULL,NULL),(83,83,5,'2021-02-21 17:34:05','2021-02-25 17:34:05',NULL,NULL),(84,84,6,'2021-02-22 17:34:05','2021-02-25 17:34:05',NULL,NULL),(85,85,7,'2021-02-23 17:34:05','2021-02-24 17:34:05',NULL,NULL),(86,86,8,'2021-02-24 17:34:05','2021-03-02 17:34:05',NULL,NULL),(87,87,9,'2021-02-25 17:34:05','2021-03-04 17:34:05',NULL,NULL),(88,88,11,'2021-02-26 17:34:05','2021-03-08 17:34:05',NULL,NULL),(89,89,19,'2021-02-27 17:34:05','2021-03-08 17:34:05',NULL,NULL),(90,90,20,'2021-02-28 17:34:05','2021-03-06 17:34:05',NULL,NULL),(91,91,21,'2021-03-01 17:34:05','2021-03-06 17:34:05',NULL,NULL),(92,92,23,'2021-03-02 17:34:05','2021-03-04 17:34:05',NULL,NULL),(93,93,24,'2021-03-03 17:34:05','2021-03-12 17:34:05',NULL,NULL),(94,94,25,'2021-03-04 17:34:05','2021-03-12 17:34:05',NULL,NULL),(95,95,27,'2021-03-05 17:34:05','2021-03-06 17:34:05',NULL,NULL),(96,96,30,'2021-03-06 17:34:05','2021-03-09 17:34:05',NULL,NULL),(97,97,31,'2021-03-07 17:34:05','2021-03-15 17:34:05',NULL,NULL),(98,98,32,'2021-03-08 17:34:05','2021-03-17 17:34:05',NULL,NULL),(99,99,33,'2021-03-09 17:34:05','2021-03-13 17:34:05',NULL,NULL),(100,100,34,'2021-03-10 17:34:05','2021-03-17 17:34:05',NULL,NULL),(101,101,39,'2021-03-11 17:34:05','2021-03-19 17:34:05',NULL,NULL),(102,102,40,'2021-03-12 17:34:05','2021-03-22 17:34:05',NULL,NULL),(103,103,41,'2021-03-13 17:34:05','2021-03-21 17:34:05',NULL,NULL),(104,104,42,'2021-03-14 17:34:05','2021-03-19 17:34:05',NULL,NULL),(105,105,44,'2021-03-15 17:34:05','2021-03-24 17:34:05',NULL,NULL),(106,106,55,'2021-03-16 17:34:05','2021-03-18 17:34:05',NULL,NULL),(107,107,56,'2021-03-17 17:34:05','2021-03-24 17:34:05',NULL,NULL),(108,108,57,'2021-03-18 17:34:05','2021-03-27 17:34:05',NULL,NULL),(109,109,60,'2021-03-19 17:34:05','2021-03-29 17:34:05',NULL,NULL),(110,110,62,'2021-03-20 17:34:05','2021-03-27 17:34:05',NULL,NULL),(111,111,64,'2021-03-21 17:34:05','2021-03-27 17:34:05',NULL,NULL),(112,112,66,'2021-03-22 17:34:05','2021-03-30 17:34:05',NULL,NULL),(113,113,69,'2021-03-23 17:34:05','2021-04-02 17:34:05',NULL,NULL),(114,114,70,'2021-03-24 17:34:05','2021-03-30 17:34:05',NULL,NULL),(115,115,71,'2021-03-25 17:34:05','2021-03-26 17:34:05',NULL,NULL),(116,116,73,'2021-03-26 17:34:05','2021-03-29 17:34:05',NULL,NULL),(117,117,77,'2021-03-27 17:34:05','2021-04-05 17:34:05',NULL,NULL),(118,118,78,'2021-03-28 17:34:05','2021-03-31 17:34:05',NULL,NULL),(119,119,79,'2021-03-29 17:34:05','2021-04-07 17:34:05',NULL,NULL),(120,120,80,'2021-03-30 17:34:05','2021-04-02 17:34:05',NULL,NULL),(121,121,1,'2021-03-31 17:34:05','2021-04-03 17:34:05',NULL,NULL),(122,122,10,'2021-04-01 17:34:05','2021-04-09 17:34:05',NULL,NULL),(123,123,12,'2021-04-02 17:34:05','2021-04-08 17:34:05',NULL,NULL),(124,124,13,'2021-04-03 17:34:05','2021-04-10 17:34:05',NULL,NULL),(125,125,14,'2021-04-04 17:34:05','2021-04-13 17:34:05',NULL,NULL),(126,126,15,'2021-04-05 17:34:05','2021-04-09 17:34:05',NULL,NULL),(127,127,16,'2021-04-06 17:34:05','2021-04-14 17:34:05',NULL,NULL),(128,128,17,'2021-04-07 17:34:05','2021-04-09 17:34:05',NULL,NULL),(129,129,18,'2021-04-08 17:34:05','2021-04-18 17:34:05',NULL,NULL),(130,130,22,'2021-04-09 17:34:05','2021-04-17 17:34:05',NULL,NULL),(131,131,26,'2021-04-10 17:34:05','2021-04-12 17:34:05',NULL,NULL),(132,132,28,'2021-04-11 17:34:05','2021-04-16 17:34:05',NULL,NULL),(133,133,29,'2021-04-12 17:34:05','2021-04-14 17:34:05',NULL,NULL),(134,134,35,'2021-04-13 17:34:05','2021-04-15 17:34:05',NULL,NULL),(135,135,36,'2021-04-14 17:34:05','2021-04-19 17:34:05',NULL,NULL),(136,136,37,'2021-04-15 17:34:05','2021-04-18 17:34:05',NULL,NULL),(137,137,38,'2021-04-16 17:34:05','2021-04-22 17:34:05',NULL,NULL),(138,138,43,'2021-04-17 17:34:05','2021-04-18 17:34:05',NULL,NULL),(139,139,45,'2021-04-18 17:34:05','2021-04-24 17:34:05',NULL,NULL),(140,140,46,'2021-04-19 17:34:05','2021-04-23 17:34:05',NULL,NULL),(141,141,47,'2021-04-20 17:34:05','2021-04-30 17:34:05',NULL,NULL),(142,142,48,'2021-04-21 17:34:05','2021-04-28 17:34:05',NULL,NULL),(143,143,49,'2021-04-22 17:34:05','2021-04-30 17:34:05',NULL,NULL),(144,144,50,'2021-04-23 17:34:05','2021-04-29 17:34:05',NULL,NULL),(145,145,51,'2021-04-24 17:34:05','2021-05-03 17:34:05',NULL,NULL),(146,146,52,'2021-04-25 17:34:05','2021-04-27 17:34:05',NULL,NULL),(147,147,53,'2021-04-26 17:34:05','2021-04-29 17:34:05',NULL,NULL),(148,148,54,'2021-04-27 17:34:05','2021-05-04 17:34:05',NULL,NULL),(149,149,58,'2021-04-28 17:34:05','2021-05-04 17:34:05',NULL,NULL),(150,150,59,'2021-04-29 17:34:05','2021-05-03 17:34:05',NULL,NULL),(151,151,61,'2021-04-30 17:34:05','2021-05-07 17:34:05',NULL,NULL),(152,152,63,'2021-05-01 17:34:05','2021-05-09 17:34:05',NULL,NULL),(153,153,65,'2021-05-02 17:34:05','2021-05-07 17:34:05',NULL,NULL),(154,154,67,'2021-05-03 17:34:05','2021-05-11 17:34:05',NULL,NULL),(155,155,68,'2021-05-04 17:34:05','2021-05-09 17:34:05',NULL,NULL),(156,156,72,'2021-05-05 17:34:05','2021-05-08 17:34:05',NULL,NULL),(157,157,74,'2021-05-06 17:34:05','2021-05-08 17:34:05',NULL,NULL),(158,158,75,'2021-05-07 17:34:05','2021-05-17 17:34:05',NULL,NULL),(159,159,2,'2021-03-01 17:34:05','2021-03-04 17:34:05',NULL,NULL),(160,160,3,'2021-03-02 17:34:05','2021-03-05 17:34:05',NULL,NULL),(161,161,4,'2021-03-03 17:34:05','2021-03-07 17:34:05',NULL,NULL),(162,162,5,'2021-03-04 17:34:05','2021-03-08 17:34:05',NULL,NULL),(163,163,6,'2021-03-05 17:34:05','2021-03-13 17:34:05',NULL,NULL),(164,164,7,'2021-03-06 17:34:05','2021-03-12 17:34:05',NULL,NULL),(165,165,8,'2021-03-07 17:34:05','2021-03-08 17:34:05',NULL,NULL),(166,166,9,'2021-03-08 17:34:05','2021-03-13 17:34:05',NULL,NULL),(167,167,11,'2021-03-09 17:34:05','2021-03-18 17:34:05',NULL,NULL),(168,168,19,'2021-03-10 17:34:05','2021-03-12 17:34:05',NULL,NULL),(169,169,20,'2021-03-11 17:34:05','2021-03-17 17:34:05',NULL,NULL),(170,170,21,'2021-03-12 17:34:05','2021-03-19 17:34:05',NULL,NULL),(171,171,23,'2021-03-13 17:34:05','2021-03-21 17:34:05',NULL,NULL),(172,172,24,'2021-03-14 17:34:05','2021-03-16 17:34:05',NULL,NULL),(173,173,25,'2021-03-15 17:34:05','2021-03-20 17:34:05',NULL,NULL),(174,174,27,'2021-03-16 17:34:05','2021-03-24 17:34:05',NULL,NULL),(175,175,30,'2021-03-17 17:34:05','2021-03-25 17:34:05',NULL,NULL),(176,176,31,'2021-03-18 17:34:05','2021-03-28 17:34:05',NULL,NULL),(177,177,32,'2021-03-19 17:34:05','2021-03-26 17:34:05',NULL,NULL),(178,178,33,'2021-03-20 17:34:05','2021-03-25 17:34:05',NULL,NULL),(179,179,34,'2021-03-21 17:34:05','2021-03-31 17:34:05',NULL,NULL),(180,180,39,'2021-03-22 17:34:05','2021-03-31 17:34:05',NULL,NULL);
/*!40000 ALTER TABLE `booking_room` ENABLE KEYS */;
UNLOCK TABLES;

--
-- Table structure for table `booking_status`
--

DROP TABLE IF EXISTS `booking_status`;
/*!40101 SET @saved_cs_client     = @@character_set_client */;
/*!40101 SET character_set_client = utf8 */;
CREATE TABLE `booking_status` (
  `id` tinyint(3) unsigned NOT NULL AUTO_INCREMENT,
  `lang` varchar(255) COLLATE utf8mb4_unicode_ci NOT NULL,
  `created_at` timestamp NULL DEFAULT NULL,
  `updated_at` timestamp NULL DEFAULT NULL,
  PRIMARY KEY (`id`)
) ENGINE=InnoDB AUTO_INCREMENT=4 DEFAULT CHARSET=utf8mb4 COLLATE=utf8mb4_unicode_ci;
/*!40101 SET character_set_client = @saved_cs_client */;

--
-- Dumping data for table `booking_status`
--

LOCK TABLES `booking_status` WRITE;
/*!40000 ALTER TABLE `booking_status` DISABLE KEYS */;
INSERT INTO `booking_status` VALUES (1,'active','2021-02-07 17:34:05','2021-02-07 17:34:05'),(2,'canceled','2021-02-07 17:34:05','2021-02-07 17:34:05'),(3,'pending','2021-02-07 17:34:05','2021-02-07 17:34:05');
/*!40000 ALTER TABLE `booking_status` ENABLE KEYS */;
UNLOCK TABLES;

--
-- Table structure for table `bookings`
--

DROP TABLE IF EXISTS `bookings`;
/*!40101 SET @saved_cs_client     = @@character_set_client */;
/*!40101 SET character_set_client = utf8 */;
CREATE TABLE `bookings` (
  `id` bigint(20) unsigned NOT NULL AUTO_INCREMENT,
  `booking_status_id` tinyint(3) unsigned NOT NULL,
  `created_at` timestamp NULL DEFAULT NULL,
  `updated_at` timestamp NULL DEFAULT NULL,
  PRIMARY KEY (`id`),
  KEY `bookings_booking_status_id_index` (`booking_status_id`),
  CONSTRAINT `bookings_booking_status_id_foreign` FOREIGN KEY (`booking_status_id`) REFERENCES `booking_status` (`id`)
) ENGINE=InnoDB AUTO_INCREMENT=181 DEFAULT CHARSET=utf8mb4 COLLATE=utf8mb4_unicode_ci;
/*!40101 SET character_set_client = @saved_cs_client */;

--
-- Dumping data for table `bookings`
--

LOCK TABLES `bookings` WRITE;
/*!40000 ALTER TABLE `bookings` DISABLE KEYS */;
INSERT INTO `bookings` VALUES (1,1,'2021-02-07 17:34:05','2021-02-07 17:34:05'),(2,1,'2021-02-07 17:34:05','2021-02-07 17:34:05'),(3,3,'2021-02-07 17:34:05','2021-02-07 17:34:05'),(4,2,'2021-02-07 17:34:05','2021-02-07 17:34:05'),(5,2,'2021-02-07 17:34:05','2021-02-07 17:34:05'),(6,1,'2021-02-07 17:34:05','2021-02-07 17:34:05'),(7,3,'2021-02-07 17:34:05','2021-02-07 17:34:05'),(8,3,'2021-02-07 17:34:05','2021-02-07 17:34:05'),(9,3,'2021-02-07 17:34:05','2021-02-07 17:34:05'),(10,2,'2021-02-07 17:34:05','2021-02-07 17:34:05'),(11,1,'2021-02-07 17:34:05','2021-02-07 17:34:05'),(12,2,'2021-02-07 17:34:05','2021-02-07 17:34:05'),(13,3,'2021-02-07 17:34:05','2021-02-07 17:34:05'),(14,2,'2021-02-07 17:34:05','2021-02-07 17:34:05'),(15,1,'2021-02-07 17:34:05','2021-02-07 17:34:05'),(16,2,'2021-02-07 17:34:05','2021-02-07 17:34:05'),(17,2,'2021-02-07 17:34:05','2021-02-07 17:34:05'),(18,3,'2021-02-07 17:34:05','2021-02-07 17:34:05'),(19,1,'2021-02-07 17:34:05','2021-02-07 17:34:05'),(20,2,'2021-02-07 17:34:05','2021-02-07 17:34:05'),(21,2,'2021-02-07 17:34:05','2021-02-07 17:34:05'),(22,1,'2021-02-07 17:34:05','2021-02-07 17:34:05'),(23,2,'2021-02-07 17:34:05','2021-02-07 17:34:05'),(24,1,'2021-02-07 17:34:05','2021-02-07 17:34:05'),(25,2,'2021-02-07 17:34:05','2021-02-07 17:34:05'),(26,3,'2021-02-07 17:34:05','2021-02-07 17:34:05'),(27,3,'2021-02-07 17:34:05','2021-02-07 17:34:05'),(28,3,'2021-02-07 17:34:05','2021-02-07 17:34:05'),(29,2,'2021-02-07 17:34:05','2021-02-07 17:34:05'),(30,1,'2021-02-07 17:34:05','2021-02-07 17:34:05'),(31,1,'2021-02-07 17:34:05','2021-02-07 17:34:05'),(32,2,'2021-02-07 17:34:05','2021-02-07 17:34:05'),(33,1,'2021-02-07 17:34:05','2021-02-07 17:34:05'),(34,2,'2021-02-07 17:34:05','2021-02-07 17:34:05'),(35,1,'2021-02-07 17:34:05','2021-02-07 17:34:05'),(36,3,'2021-02-07 17:34:05','2021-02-07 17:34:05'),(37,2,'2021-02-07 17:34:05','2021-02-07 17:34:05'),(38,1,'2021-02-07 17:34:05','2021-02-07 17:34:05'),(39,2,'2021-02-07 17:34:05','2021-02-07 17:34:05'),(40,3,'2021-02-07 17:34:05','2021-02-07 17:34:05'),(41,2,'2021-02-07 17:34:05','2021-02-07 17:34:05'),(42,2,'2021-02-07 17:34:05','2021-02-07 17:34:05'),(43,1,'2021-02-07 17:34:05','2021-02-07 17:34:05'),(44,3,'2021-02-07 17:34:05','2021-02-07 17:34:05'),(45,1,'2021-02-07 17:34:05','2021-02-07 17:34:05'),(46,2,'2021-02-07 17:34:05','2021-02-07 17:34:05'),(47,3,'2021-02-07 17:34:05','2021-02-07 17:34:05'),(48,1,'2021-02-07 17:34:05','2021-02-07 17:34:05'),(49,3,'2021-02-07 17:34:05','2021-02-07 17:34:05'),(50,2,'2021-02-07 17:34:05','2021-02-07 17:34:05'),(51,2,'2021-02-07 17:34:05','2021-02-07 17:34:05'),(52,1,'2021-02-07 17:34:05','2021-02-07 17:34:05'),(53,2,'2021-02-07 17:34:05','2021-02-07 17:34:05'),(54,2,'2021-02-07 17:34:05','2021-02-07 17:34:05'),(55,2,'2021-02-07 17:34:05','2021-02-07 17:34:05'),(56,2,'2021-02-07 17:34:05','2021-02-07 17:34:05'),(57,1,'2021-02-07 17:34:05','2021-02-07 17:34:05'),(58,3,'2021-02-07 17:34:05','2021-02-07 17:34:05'),(59,2,'2021-02-07 17:34:05','2021-02-07 17:34:05'),(60,2,'2021-02-07 17:34:05','2021-02-07 17:34:05'),(61,2,'2021-02-07 17:34:05','2021-02-07 17:34:05'),(62,1,'2021-02-07 17:34:05','2021-02-07 17:34:05'),(63,1,'2021-02-07 17:34:05','2021-02-07 17:34:05'),(64,3,'2021-02-07 17:34:05','2021-02-07 17:34:05'),(65,2,'2021-02-07 17:34:05','2021-02-07 17:34:05'),(66,1,'2021-02-07 17:34:05','2021-02-07 17:34:05'),(67,3,'2021-02-07 17:34:05','2021-02-07 17:34:05'),(68,1,'2021-02-07 17:34:05','2021-02-07 17:34:05'),(69,3,'2021-02-07 17:34:05','2021-02-07 17:34:05'),(70,2,'2021-02-07 17:34:05','2021-02-07 17:34:05'),(71,2,'2021-02-07 17:34:05','2021-02-07 17:34:05'),(72,3,'2021-02-07 17:34:05','2021-02-07 17:34:05'),(73,3,'2021-02-07 17:34:05','2021-02-07 17:34:05'),(74,3,'2021-02-07 17:34:05','2021-02-07 17:34:05'),(75,1,'2021-02-07 17:34:05','2021-02-07 17:34:05'),(76,3,'2021-02-07 17:34:05','2021-02-07 17:34:05'),(77,1,'2021-02-07 17:34:05','2021-02-07 17:34:05'),(78,3,'2021-02-07 17:34:05','2021-02-07 17:34:05'),(79,1,'2021-02-07 17:34:05','2021-02-07 17:34:05'),(80,1,'2021-02-07 17:34:05','2021-02-07 17:34:05'),(81,2,'2021-02-07 17:34:05','2021-02-07 17:34:05'),(82,1,'2021-02-07 17:34:05','2021-02-07 17:34:05'),(83,2,'2021-02-07 17:34:05','2021-02-07 17:34:05'),(84,1,'2021-02-07 17:34:05','2021-02-07 17:34:05'),(85,3,'2021-02-07 17:34:05','2021-02-07 17:34:05'),(86,3,'2021-02-07 17:34:05','2021-02-07 17:34:05'),(87,3,'2021-02-07 17:34:05','2021-02-07 17:34:05'),(88,2,'2021-02-07 17:34:05','2021-02-07 17:34:05'),(89,2,'2021-02-07 17:34:05','2021-02-07 17:34:05'),(90,1,'2021-02-07 17:34:05','2021-02-07 17:34:05'),(91,3,'2021-02-07 17:34:05','2021-02-07 17:34:05'),(92,3,'2021-02-07 17:34:05','2021-02-07 17:34:05'),(93,1,'2021-02-07 17:34:05','2021-02-07 17:34:05'),(94,2,'2021-02-07 17:34:05','2021-02-07 17:34:05'),(95,3,'2021-02-07 17:34:05','2021-02-07 17:34:05'),(96,2,'2021-02-07 17:34:05','2021-02-07 17:34:05'),(97,1,'2021-02-07 17:34:05','2021-02-07 17:34:05'),(98,2,'2021-02-07 17:34:05','2021-02-07 17:34:05'),(99,1,'2021-02-07 17:34:05','2021-02-07 17:34:05'),(100,1,'2021-02-07 17:34:05','2021-02-07 17:34:05'),(101,3,'2021-02-07 17:34:05','2021-02-07 17:34:05'),(102,2,'2021-02-07 17:34:05','2021-02-07 17:34:05'),(103,2,'2021-02-07 17:34:05','2021-02-07 17:34:05'),(104,3,'2021-02-07 17:34:05','2021-02-07 17:34:05'),(105,1,'2021-02-07 17:34:05','2021-02-07 17:34:05'),(106,2,'2021-02-07 17:34:05','2021-02-07 17:34:05'),(107,3,'2021-02-07 17:34:05','2021-02-07 17:34:05'),(108,1,'2021-02-07 17:34:05','2021-02-07 17:34:05'),(109,2,'2021-02-07 17:34:05','2021-02-07 17:34:05'),(110,2,'2021-02-07 17:34:05','2021-02-07 17:34:05'),(111,2,'2021-02-07 17:34:05','2021-02-07 17:34:05'),(112,2,'2021-02-07 17:34:05','2021-02-07 17:34:05'),(113,2,'2021-02-07 17:34:05','2021-02-07 17:34:05'),(114,3,'2021-02-07 17:34:05','2021-02-07 17:34:05'),(115,2,'2021-02-07 17:34:05','2021-02-07 17:34:05'),(116,2,'2021-02-07 17:34:05','2021-02-07 17:34:05'),(117,2,'2021-02-07 17:34:05','2021-02-07 17:34:05'),(118,1,'2021-02-07 17:34:05','2021-02-07 17:34:05'),(119,3,'2021-02-07 17:34:05','2021-02-07 17:34:05'),(120,2,'2021-02-07 17:34:05','2021-02-07 17:34:05'),(121,1,'2021-02-07 17:34:05','2021-02-07 17:34:05'),(122,3,'2021-02-07 17:34:05','2021-02-07 17:34:05'),(123,2,'2021-02-07 17:34:05','2021-02-07 17:34:05'),(124,3,'2021-02-07 17:34:05','2021-02-07 17:34:05'),(125,2,'2021-02-07 17:34:05','2021-02-07 17:34:05'),(126,2,'2021-02-07 17:34:05','2021-02-07 17:34:05'),(127,1,'2021-02-07 17:34:05','2021-02-07 17:34:05'),(128,1,'2021-02-07 17:34:05','2021-02-07 17:34:05'),(129,1,'2021-02-07 17:34:05','2021-02-07 17:34:05'),(130,3,'2021-02-07 17:34:05','2021-02-07 17:34:05'),(131,3,'2021-02-07 17:34:05','2021-02-07 17:34:05'),(132,2,'2021-02-07 17:34:05','2021-02-07 17:34:05'),(133,2,'2021-02-07 17:34:05','2021-02-07 17:34:05'),(134,2,'2021-02-07 17:34:05','2021-02-07 17:34:05'),(135,2,'2021-02-07 17:34:05','2021-02-07 17:34:05'),(136,1,'2021-02-07 17:34:05','2021-02-07 17:34:05'),(137,2,'2021-02-07 17:34:05','2021-02-07 17:34:05'),(138,2,'2021-02-07 17:34:05','2021-02-07 17:34:05'),(139,1,'2021-02-07 17:34:05','2021-02-07 17:34:05'),(140,2,'2021-02-07 17:34:05','2021-02-07 17:34:05'),(141,1,'2021-02-07 17:34:05','2021-02-07 17:34:05'),(142,3,'2021-02-07 17:34:05','2021-02-07 17:34:05'),(143,2,'2021-02-07 17:34:05','2021-02-07 17:34:05'),(144,1,'2021-02-07 17:34:05','2021-02-07 17:34:05'),(145,3,'2021-02-07 17:34:05','2021-02-07 17:34:05'),(146,2,'2021-02-07 17:34:05','2021-02-07 17:34:05'),(147,3,'2021-02-07 17:34:05','2021-02-07 17:34:05'),(148,1,'2021-02-07 17:34:05','2021-02-07 17:34:05'),(149,2,'2021-02-07 17:34:05','2021-02-07 17:34:05'),(150,2,'2021-02-07 17:34:05','2021-02-07 17:34:05'),(151,3,'2021-02-07 17:34:05','2021-02-07 17:34:05'),(152,3,'2021-02-07 17:34:05','2021-02-07 17:34:05'),(153,3,'2021-02-07 17:34:05','2021-02-07 17:34:05'),(154,2,'2021-02-07 17:34:05','2021-02-07 17:34:05'),(155,1,'2021-02-07 17:34:05','2021-02-07 17:34:05'),(156,1,'2021-02-07 17:34:05','2021-02-07 17:34:05'),(157,3,'2021-02-07 17:34:05','2021-02-07 17:34:05'),(158,3,'2021-02-07 17:34:05','2021-02-07 17:34:05'),(159,2,'2021-02-07 17:34:05','2021-02-07 17:34:05'),(160,3,'2021-02-07 17:34:05','2021-02-07 17:34:05'),(161,2,'2021-02-07 17:34:05','2021-02-07 17:34:05'),(162,2,'2021-02-07 17:34:05','2021-02-07 17:34:05'),(163,1,'2021-02-07 17:34:05','2021-02-07 17:34:05'),(164,3,'2021-02-07 17:34:05','2021-02-07 17:34:05'),(165,2,'2021-02-07 17:34:05','2021-02-07 17:34:05'),(166,2,'2021-02-07 17:34:05','2021-02-07 17:34:05'),(167,3,'2021-02-07 17:34:05','2021-02-07 17:34:05'),(168,3,'2021-02-07 17:34:05','2021-02-07 17:34:05'),(169,3,'2021-02-07 17:34:05','2021-02-07 17:34:05'),(170,1,'2021-02-07 17:34:05','2021-02-07 17:34:05'),(171,2,'2021-02-07 17:34:05','2021-02-07 17:34:05'),(172,1,'2021-02-07 17:34:05','2021-02-07 17:34:05'),(173,1,'2021-02-07 17:34:05','2021-02-07 17:34:05'),(174,2,'2021-02-07 17:34:05','2021-02-07 17:34:05'),(175,1,'2021-02-07 17:34:05','2021-02-07 17:34:05'),(176,2,'2021-02-07 17:34:05','2021-02-07 17:34:05'),(177,2,'2021-02-07 17:34:05','2021-02-07 17:34:05'),(178,2,'2021-02-07 17:34:05','2021-02-07 17:34:05'),(179,1,'2021-02-07 17:34:05','2021-02-07 17:34:05'),(180,2,'2021-02-07 17:34:05','2021-02-07 17:34:05');
/*!40000 ALTER TABLE `bookings` ENABLE KEYS */;
UNLOCK TABLES;

--
-- Table structure for table `migrations`
--

DROP TABLE IF EXISTS `migrations`;
/*!40101 SET @saved_cs_client     = @@character_set_client */;
/*!40101 SET character_set_client = utf8 */;
CREATE TABLE `migrations` (
  `id` int(10) unsigned NOT NULL AUTO_INCREMENT,
  `migration` varchar(255) COLLATE utf8mb4_unicode_ci NOT NULL,
  `batch` int(11) NOT NULL,
  PRIMARY KEY (`id`)
) ENGINE=InnoDB AUTO_INCREMENT=46 DEFAULT CHARSET=utf8mb4 COLLATE=utf8mb4_unicode_ci;
/*!40101 SET character_set_client = @saved_cs_client */;

--
-- Dumping data for table `migrations`
--

LOCK TABLES `migrations` WRITE;
/*!40000 ALTER TABLE `migrations` DISABLE KEYS */;
INSERT INTO `migrations` VALUES (40,'2021_02_06_124917_create_rooms_table',1),(41,'2021_02_06_124932_create_room_types_table',1),(42,'2021_02_06_125025_create_bookings_table',1),(43,'2021_02_06_125100_create_booking_status_table',1),(44,'2021_02_07_095128_create_booking_room_table',1),(45,'2021_02_07_095438_add_foreigns1',1);
/*!40000 ALTER TABLE `migrations` ENABLE KEYS */;
UNLOCK TABLES;

--
-- Table structure for table `room_types`
--

DROP TABLE IF EXISTS `room_types`;
/*!40101 SET @saved_cs_client     = @@character_set_client */;
/*!40101 SET character_set_client = utf8 */;
CREATE TABLE `room_types` (
  `id` int(10) unsigned NOT NULL AUTO_INCREMENT,
  `lang` varchar(255) COLLATE utf8mb4_unicode_ci NOT NULL,
  `created_at` timestamp NULL DEFAULT NULL,
  `updated_at` timestamp NULL DEFAULT NULL,
  PRIMARY KEY (`id`)
) ENGINE=InnoDB AUTO_INCREMENT=3 DEFAULT CHARSET=utf8mb4 COLLATE=utf8mb4_unicode_ci;
/*!40101 SET character_set_client = @saved_cs_client */;

--
-- Dumping data for table `room_types`
--

LOCK TABLES `room_types` WRITE;
/*!40000 ALTER TABLE `room_types` DISABLE KEYS */;
INSERT INTO `room_types` VALUES (1,'double','2021-02-07 17:34:05','2021-02-07 17:34:05'),(2,'triple','2021-02-07 17:34:05','2021-02-07 17:34:05');
/*!40000 ALTER TABLE `room_types` ENABLE KEYS */;
UNLOCK TABLES;

--
-- Table structure for table `rooms`
--

DROP TABLE IF EXISTS `rooms`;
/*!40101 SET @saved_cs_client     = @@character_set_client */;
/*!40101 SET character_set_client = utf8 */;
CREATE TABLE `rooms` (
  `id` int(10) unsigned NOT NULL AUTO_INCREMENT,
  `lang` varchar(255) COLLATE utf8mb4_unicode_ci NOT NULL,
  `room_type_id` int(10) unsigned NOT NULL,
  `created_at` timestamp NULL DEFAULT NULL,
  `updated_at` timestamp NULL DEFAULT NULL,
  PRIMARY KEY (`id`),
  KEY `rooms_room_type_id_index` (`room_type_id`),
  CONSTRAINT `rooms_room_type_id_foreign` FOREIGN KEY (`room_type_id`) REFERENCES `room_types` (`id`)
) ENGINE=InnoDB AUTO_INCREMENT=81 DEFAULT CHARSET=utf8mb4 COLLATE=utf8mb4_unicode_ci;
/*!40101 SET character_set_client = @saved_cs_client */;

--
-- Dumping data for table `rooms`
--

LOCK TABLES `rooms` WRITE;
/*!40000 ALTER TABLE `rooms` DISABLE KEYS */;
INSERT INTO `rooms` VALUES (1,'Room-0',2,'2021-02-07 17:34:05','2021-02-07 17:34:05'),(2,'Room-1',1,'2021-02-07 17:34:05','2021-02-07 17:34:05'),(3,'Room-2',1,'2021-02-07 17:34:05','2021-02-07 17:34:05'),(4,'Room-3',1,'2021-02-07 17:34:05','2021-02-07 17:34:05'),(5,'Room-4',1,'2021-02-07 17:34:05','2021-02-07 17:34:05'),(6,'Room-5',1,'2021-02-07 17:34:05','2021-02-07 17:34:05'),(7,'Room-6',1,'2021-02-07 17:34:05','2021-02-07 17:34:05'),(8,'Room-7',1,'2021-02-07 17:34:05','2021-02-07 17:34:05'),(9,'Room-8',1,'2021-02-07 17:34:05','2021-02-07 17:34:05'),(10,'Room-9',2,'2021-02-07 17:34:05','2021-02-07 17:34:05'),(11,'Room-10',1,'2021-02-07 17:34:05','2021-02-07 17:34:05'),(12,'Room-11',2,'2021-02-07 17:34:05','2021-02-07 17:34:05'),(13,'Room-12',2,'2021-02-07 17:34:05','2021-02-07 17:34:05'),(14,'Room-13',2,'2021-02-07 17:34:05','2021-02-07 17:34:05'),(15,'Room-14',2,'2021-02-07 17:34:05','2021-02-07 17:34:05'),(16,'Room-15',2,'2021-02-07 17:34:05','2021-02-07 17:34:05'),(17,'Room-16',2,'2021-02-07 17:34:05','2021-02-07 17:34:05'),(18,'Room-17',2,'2021-02-07 17:34:05','2021-02-07 17:34:05'),(19,'Room-18',1,'2021-02-07 17:34:05','2021-02-07 17:34:05'),(20,'Room-19',1,'2021-02-07 17:34:05','2021-02-07 17:34:05'),(21,'Room-20',1,'2021-02-07 17:34:05','2021-02-07 17:34:05'),(22,'Room-21',2,'2021-02-07 17:34:05','2021-02-07 17:34:05'),(23,'Room-22',1,'2021-02-07 17:34:05','2021-02-07 17:34:05'),(24,'Room-23',1,'2021-02-07 17:34:05','2021-02-07 17:34:05'),(25,'Room-24',1,'2021-02-07 17:34:05','2021-02-07 17:34:05'),(26,'Room-25',2,'2021-02-07 17:34:05','2021-02-07 17:34:05'),(27,'Room-26',1,'2021-02-07 17:34:05','2021-02-07 17:34:05'),(28,'Room-27',2,'2021-02-07 17:34:05','2021-02-07 17:34:05'),(29,'Room-28',2,'2021-02-07 17:34:05','2021-02-07 17:34:05'),(30,'Room-29',1,'2021-02-07 17:34:05','2021-02-07 17:34:05'),(31,'Room-30',1,'2021-02-07 17:34:05','2021-02-07 17:34:05'),(32,'Room-31',1,'2021-02-07 17:34:05','2021-02-07 17:34:05'),(33,'Room-32',1,'2021-02-07 17:34:05','2021-02-07 17:34:05'),(34,'Room-33',1,'2021-02-07 17:34:05','2021-02-07 17:34:05'),(35,'Room-34',2,'2021-02-07 17:34:05','2021-02-07 17:34:05'),(36,'Room-35',2,'2021-02-07 17:34:05','2021-02-07 17:34:05'),(37,'Room-36',2,'2021-02-07 17:34:05','2021-02-07 17:34:05'),(38,'Room-37',2,'2021-02-07 17:34:05','2021-02-07 17:34:05'),(39,'Room-38',1,'2021-02-07 17:34:05','2021-02-07 17:34:05'),(40,'Room-39',1,'2021-02-07 17:34:05','2021-02-07 17:34:05'),(41,'Room-40',1,'2021-02-07 17:34:05','2021-02-07 17:34:05'),(42,'Room-41',1,'2021-02-07 17:34:05','2021-02-07 17:34:05'),(43,'Room-42',2,'2021-02-07 17:34:05','2021-02-07 17:34:05'),(44,'Room-43',1,'2021-02-07 17:34:05','2021-02-07 17:34:05'),(45,'Room-44',2,'2021-02-07 17:34:05','2021-02-07 17:34:05'),(46,'Room-45',2,'2021-02-07 17:34:05','2021-02-07 17:34:05'),(47,'Room-46',2,'2021-02-07 17:34:05','2021-02-07 17:34:05'),(48,'Room-47',2,'2021-02-07 17:34:05','2021-02-07 17:34:05'),(49,'Room-48',2,'2021-02-07 17:34:05','2021-02-07 17:34:05'),(50,'Room-49',2,'2021-02-07 17:34:05','2021-02-07 17:34:05'),(51,'Room-50',2,'2021-02-07 17:34:05','2021-02-07 17:34:05'),(52,'Room-51',2,'2021-02-07 17:34:05','2021-02-07 17:34:05'),(53,'Room-52',2,'2021-02-07 17:34:05','2021-02-07 17:34:05'),(54,'Room-53',2,'2021-02-07 17:34:05','2021-02-07 17:34:05'),(55,'Room-54',1,'2021-02-07 17:34:05','2021-02-07 17:34:05'),(56,'Room-55',1,'2021-02-07 17:34:05','2021-02-07 17:34:05'),(57,'Room-56',1,'2021-02-07 17:34:05','2021-02-07 17:34:05'),(58,'Room-57',2,'2021-02-07 17:34:05','2021-02-07 17:34:05'),(59,'Room-58',2,'2021-02-07 17:34:05','2021-02-07 17:34:05'),(60,'Room-59',1,'2021-02-07 17:34:05','2021-02-07 17:34:05'),(61,'Room-60',2,'2021-02-07 17:34:05','2021-02-07 17:34:05'),(62,'Room-61',1,'2021-02-07 17:34:05','2021-02-07 17:34:05'),(63,'Room-62',2,'2021-02-07 17:34:05','2021-02-07 17:34:05'),(64,'Room-63',1,'2021-02-07 17:34:05','2021-02-07 17:34:05'),(65,'Room-64',2,'2021-02-07 17:34:05','2021-02-07 17:34:05'),(66,'Room-65',1,'2021-02-07 17:34:05','2021-02-07 17:34:05'),(67,'Room-66',2,'2021-02-07 17:34:05','2021-02-07 17:34:05'),(68,'Room-67',2,'2021-02-07 17:34:05','2021-02-07 17:34:05'),(69,'Room-68',1,'2021-02-07 17:34:05','2021-02-07 17:34:05'),(70,'Room-69',1,'2021-02-07 17:34:05','2021-02-07 17:34:05'),(71,'Room-70',1,'2021-02-07 17:34:05','2021-02-07 17:34:05'),(72,'Room-71',2,'2021-02-07 17:34:05','2021-02-07 17:34:05'),(73,'Room-72',1,'2021-02-07 17:34:05','2021-02-07 17:34:05'),(74,'Room-73',2,'2021-02-07 17:34:05','2021-02-07 17:34:05'),(75,'Room-74',2,'2021-02-07 17:34:05','2021-02-07 17:34:05'),(76,'Room-75',2,'2021-02-07 17:34:05','2021-02-07 17:34:05'),(77,'Room-76',1,'2021-02-07 17:34:05','2021-02-07 17:34:05'),(78,'Room-77',1,'2021-02-07 17:34:05','2021-02-07 17:34:05'),(79,'Room-78',1,'2021-02-07 17:34:05','2021-02-07 17:34:05'),(80,'Room-79',1,'2021-02-07 17:34:05','2021-02-07 17:34:05');
/*!40000 ALTER TABLE `rooms` ENABLE KEYS */;
UNLOCK TABLES;
/*!40103 SET TIME_ZONE=@OLD_TIME_ZONE */;

/*!40101 SET SQL_MODE=@OLD_SQL_MODE */;
/*!40014 SET FOREIGN_KEY_CHECKS=@OLD_FOREIGN_KEY_CHECKS */;
/*!40014 SET UNIQUE_CHECKS=@OLD_UNIQUE_CHECKS */;
/*!40101 SET CHARACTER_SET_CLIENT=@OLD_CHARACTER_SET_CLIENT */;
/*!40101 SET CHARACTER_SET_RESULTS=@OLD_CHARACTER_SET_RESULTS */;
/*!40101 SET COLLATION_CONNECTION=@OLD_COLLATION_CONNECTION */;
/*!40111 SET SQL_NOTES=@OLD_SQL_NOTES */;

-- Dump completed on 2021-02-07 20:57:08
